endpoint	scope	arm	reference	estimate	lower	upper	families
both_positive	all	bias	native	0.0	0.0	0.0	13
both_positive	all	bias	random_bias	0.0	-0.19230769230769232	0.19230769230769232	13
both_positive	all	force	native	0.0	-0.23076923076923078	0.23076923076923078	13
both_positive	all	force	random_force	-0.07692307692307693	-0.2692307692307692	0.0	13
both_positive	all	reweight	native	0.038461538461538464	0.0	0.19230769230769232	13
both_positive	all	reweight	random_reweight	0.07692307692307693	0.0	0.2692307692307692	13
both_positive	all	force	bias	0.0	-0.23076923076923078	0.23076923076923078	13
both_positive	all	reweight	bias	0.038461538461538464	0.0	0.19230769230769232	13
both_positive	candidate_to_verify	bias	native	0.0	0.0	0.0	8
both_positive	candidate_to_verify	bias	random_bias	0.0	-0.25	0.25	8
both_positive	candidate_to_verify	force	native	0.0625	-0.25	0.375	8
both_positive	candidate_to_verify	force	random_force	-0.0625	-0.3125	0.0	8
both_positive	candidate_to_verify	reweight	native	0.0625	0.0	0.3125	8
both_positive	candidate_to_verify	reweight	random_reweight	0.125	0.0	0.375	8
both_positive	candidate_to_verify	force	bias	0.0625	-0.25	0.375	8
both_positive	candidate_to_verify	reweight	bias	0.0625	0.0	0.3125	8
both_positive	approach_to_commit	bias	native	0.0	0.0	0.0	5
both_positive	approach_to_commit	bias	random_bias	0.0	0.0	0.0	5
both_positive	approach_to_commit	force	native	-0.1	-0.4	0.0	5
both_positive	approach_to_commit	force	random_force	-0.1	-0.4	0.0	5
both_positive	approach_to_commit	reweight	native	0.0	0.0	0.0	5
both_positive	approach_to_commit	reweight	random_reweight	0.0	0.0	0.0	5
both_positive	approach_to_commit	force	bias	-0.1	-0.4	0.0	5
both_positive	approach_to_commit	reweight	bias	0.0	0.0	0.0	5
emitted_tokens	all	bias	native	0.0	0.0	0.0	13
emitted_tokens	all	bias	random_bias	0.0	0.0	0.0	13
emitted_tokens	all	force	native	0.0	0.0	0.0	13
emitted_tokens	all	force	random_force	0.0	0.0	0.0	13
emitted_tokens	all	reweight	native	0.0	0.0	0.0	13
emitted_tokens	all	reweight	random_reweight	0.0	0.0	0.0	13
emitted_tokens	all	force	bias	0.0	0.0	0.0	13
emitted_tokens	all	reweight	bias	0.0	0.0	0.0	13
emitted_tokens	candidate_to_verify	bias	native	0.0	0.0	0.0	8
emitted_tokens	candidate_to_verify	bias	random_bias	0.0	0.0	0.0	8
emitted_tokens	candidate_to_verify	force	native	0.0	0.0	0.0	8
emitted_tokens	candidate_to_verify	force	random_force	0.0	0.0	0.0	8
emitted_tokens	candidate_to_verify	reweight	native	0.0	0.0	0.0	8
emitted_tokens	candidate_to_verify	reweight	random_reweight	0.0	0.0	0.0	8
emitted_tokens	candidate_to_verify	force	bias	0.0	0.0	0.0	8
emitted_tokens	candidate_to_verify	reweight	bias	0.0	0.0	0.0	8
emitted_tokens	approach_to_commit	bias	native	0.0	0.0	0.0	5
emitted_tokens	approach_to_commit	bias	random_bias	0.0	0.0	0.0	5
emitted_tokens	approach_to_commit	force	native	0.0	0.0	0.0	5
emitted_tokens	approach_to_commit	force	random_force	0.0	0.0	0.0	5
emitted_tokens	approach_to_commit	reweight	native	0.0	0.0	0.0	5
emitted_tokens	approach_to_commit	reweight	random_reweight	0.0	0.0	0.0	5
emitted_tokens	approach_to_commit	force	bias	0.0	0.0	0.0	5
emitted_tokens	approach_to_commit	reweight	bias	0.0	0.0	0.0	5
