case,uid,arm,trigger_meaning,prefix_state,candidate_region,candidate_character_offset,reasoning_tokens,generated_tokens
1,overnight-v2|39d98e18490f560cfb3e6a3e,native,setup_or_redraft,already_checked_answer,prefix,693,180,368
1,overnight-v2|eaf202210ec4de676907742b,native_duplicate,setup_or_redraft,already_checked_answer,prefix,693,356,565
1,overnight-v2|86b88d47cdd16d899e09e7c0,bias,setup_or_redraft,already_checked_answer,prefix,693,445,617
1,overnight-v2|8f23d9ca7697ce5bc885884e,force,setup_or_redraft,already_checked_answer,prefix,693,472,701
1,overnight-v2|b93ce1c18ea92e61a031a409,reweight,setup_or_redraft,already_checked_answer,prefix,693,390,633
1,overnight-v2|ebc237b448a8e507598e73ba,random_bias,setup_or_redraft,already_checked_answer,prefix,693,324,466
2,overnight-v2|dbbdf683c2a942654723f247,native,setup,no_candidate,,,1024,1024
2,overnight-v2|41673ad534e7f9d7ee28e563,native_duplicate,setup,no_candidate,,,1024,1024
2,overnight-v2|931568e2e4dfca7eb5eec952,bias,setup,no_candidate,,,1024,1024
2,overnight-v2|bb7c95d32d604fab8111c623,force,setup,no_candidate,,,1024,1024
2,overnight-v2|bf4f6baedc9446349d8fb32e,reweight,setup,no_candidate,,,1024,1024
2,overnight-v2|7ae433e4c7aa171ad4979c8b,random_force,setup,no_candidate,,,1024,1024
3,overnight-v2|904f099cbbce2f953e2416d4,native,setup,no_candidate,,,1024,1024
3,overnight-v2|0574277171b81641b9d7cf24,native_duplicate,setup,no_candidate,,,1024,1024
3,overnight-v2|8929a3c9ab8ee55e997f048b,bias,setup,no_candidate,,,1024,1024
3,overnight-v2|4b19a5306fce22d6c4db5704,force,setup,no_candidate,,,1024,1024
3,overnight-v2|d18d08caa76de6d532d1836c,reweight,setup,no_candidate,,,1024,1024
3,overnight-v2|22087cceb4cb82094a3155f3,random_reweight,setup,no_candidate,,,1024,1024
4,overnight-v2|8b4051b45e5d11f5410b3a80,native,candidate_set_in_redraft,already_checked_answer,prefix,2103,868,1024
4,overnight-v2|f45cf6504def4b51c4028b61,native_duplicate,candidate_set_in_redraft,already_checked_answer,prefix,2103,1024,1024
4,overnight-v2|0f6d1d01d91984fb6c44c3bf,bias,candidate_set_in_redraft,already_checked_answer,prefix,2103,1024,1024
4,overnight-v2|2c9975afa30e0fe9b4096da4,force,candidate_set_in_redraft,already_checked_answer,prefix,2103,1024,1024
4,overnight-v2|24bcad842ddac05b00b8e82d,reweight,candidate_set_in_redraft,already_checked_answer,prefix,2103,944,1024
4,overnight-v2|dd43eb36580853eba1a4fef9,random_bias,candidate_set_in_redraft,already_checked_answer,prefix,2103,1024,1024
5,overnight-v2|5ef152dedee9e4bb2367c2d7,native,complete_candidate_expression,complete_candidate_unchecked,prefix,888,657,1012
5,overnight-v2|4ba80d2d1cc3522a57252d3d,native_duplicate,complete_candidate_expression,complete_candidate_unchecked,prefix,888,657,1012
5,overnight-v2|b9f58effb811d567daec2346,bias,complete_candidate_expression,complete_candidate_unchecked,prefix,888,954,1024
5,overnight-v2|462effdbef4c3e81acc48b8b,force,complete_candidate_expression,complete_candidate_unchecked,prefix,888,513,833
5,overnight-v2|0882c371390ab511ad178b6d,reweight,complete_candidate_expression,complete_candidate_unchecked,prefix,888,1024,1024
5,overnight-v2|bc3cfeedb272bcffb2ecba0c,random_force,complete_candidate_expression,complete_candidate_unchecked,prefix,888,655,1023
6,overnight-v2|f54f6ab13a1f472883043773,native,intermediate_result,intermediate_result,continuation,157,1024,1024
6,overnight-v2|b82377a8a8c7156a6612ff7a,native_duplicate,intermediate_result,intermediate_result,continuation,157,1024,1024
6,overnight-v2|27f67b0d653bb9f84a433fef,bias,intermediate_result,intermediate_result,continuation,153,1024,1024
6,overnight-v2|ae7e9770bb960345921ded07,force,intermediate_result,intermediate_result,continuation,152,1024,1024
6,overnight-v2|25bd06cf2418b473e967dbf8,reweight,intermediate_result,intermediate_result,continuation,152,1024,1024
6,overnight-v2|4afc8067e4bfa5c29f9eb642,random_reweight,intermediate_result,intermediate_result,continuation,152,1024,1024
7,overnight-v2|a31dd15d490a413ac45170ff,native,intermediate_result,intermediate_result,,,1024,1024
7,overnight-v2|e9e5fcd11a4236f531d2a3ed,native_duplicate,intermediate_result,intermediate_result,,,1024,1024
7,overnight-v2|e65096d40090332e695ec8df,bias,intermediate_result,intermediate_result,,,1024,1024
7,overnight-v2|8a6c5a90404720680f3d5ccf,force,intermediate_result,intermediate_result,,,1024,1024
7,overnight-v2|b8ad4ea33312219e16a043f0,reweight,intermediate_result,intermediate_result,,,1024,1024
7,overnight-v2|6ed032c8c9aa34dd638ab876,random_bias,intermediate_result,intermediate_result,,,1024,1024
