stage	scope	arm	reference	estimate	ci_low	ci_high	families
A	all	pair	native	0.0625	-0.25	0.5	8
A	all	pair	random_pair	-0.0625	-0.375	0.25	8
A	all	expert189	native	0.0	-0.25	0.25	8
A	all	expert189	random_expert189	0.0625	0.0	0.25	8
A	all	expert9	native	0.0625	-0.25	0.375	8
A	all	expert9	random_expert9	0.0	-0.25	0.25	8
A	all	pair	expert189	0.0625	-0.25	0.5	8
A	all	pair	expert9	0.0	-0.25	0.25	8
A	all	pair	native	8.0625	-50.75	62.25	8
A	all	pair	random_pair	11.5625	0.0	45.75	8
A	all	expert189	native	-8.9375	-51.75	12.0	8
A	all	expert189	random_expert189	7.8125	-28.1875	68.25	8
A	all	expert9	native	0.75	-47.5	37.875	8
A	all	expert9	random_expert9	-7.125	-31.75	3.25	8
A	all	pair	expert189	17.0	0.0	52.4375	8
A	all	pair	expert9	7.3125	-3.25	32.5	8
B	all	once	native	-0.07692307692307693	-0.3076923076923077	0.15384615384615385	13
B	all	once	random_once	0.0	-0.19230769230769232	0.19230769230769232	13
B	all	repeat	native	-0.11538461538461539	-0.4230769230769231	0.0	13
B	all	repeat	random_repeat	-0.038461538461538464	-0.38461538461538464	0.19230769230769232	13
B	all	repeat	once	-0.038461538461538464	-0.2692307692307692	0.15384615384615385	13
B	all	once	native	13.576923076923077	0.0	64.34615384615384	13
B	all	once	random_once	-1.2692307692307692	-7.884615384615385	1.5384615384615385	13
B	all	repeat	native	11.076923076923077	-8.076923076923077	63.46153846153846	13
B	all	repeat	random_repeat	0.6153846153846154	-15.0	18.076923076923077	13
B	all	repeat	once	-2.5	-12.5	0.0	13
B	candidate_to_verify	once	native	-0.125	-0.4375	0.25	8
B	candidate_to_verify	once	random_once	0.0	-0.25	0.25	8
B	candidate_to_verify	repeat	native	-0.1875	-0.625	0.0	8
B	candidate_to_verify	repeat	random_repeat	-0.0625	-0.5625	0.25	8
B	candidate_to_verify	repeat	once	-0.0625	-0.375	0.25	8
B	candidate_to_verify	once	native	22.0625	0.0	103.125	8
B	candidate_to_verify	once	random_once	-2.0625	-12.3125	2.0	8
B	candidate_to_verify	repeat	native	18.0	-10.5	100.5	8
B	candidate_to_verify	repeat	random_repeat	1.0	-19.5	24.5	8
B	candidate_to_verify	repeat	once	-4.0625	-20.3125	0.0	8
B	approach_to_commit	once	native	0.0	0.0	0.0	5
B	approach_to_commit	once	random_once	0.0	0.0	0.0	5
B	approach_to_commit	repeat	native	0.0	0.0	0.0	5
B	approach_to_commit	repeat	random_repeat	0.0	0.0	0.0	5
B	approach_to_commit	repeat	once	0.0	0.0	0.0	5
B	approach_to_commit	once	native	0.0	0.0	0.0	5
B	approach_to_commit	once	random_once	0.0	0.0	0.0	5
B	approach_to_commit	repeat	native	0.0	0.0	0.0	5
B	approach_to_commit	repeat	random_repeat	0.0	0.0	0.0	5
B	approach_to_commit	repeat	once	0.0	0.0	0.0	5
C	all	bias	native	0.0	0.0	0.0	13
C	all	bias	random_bias	0.0	-0.19230769230769232	0.19230769230769232	13
C	all	force	native	0.0	-0.23076923076923078	0.23076923076923078	13
C	all	force	random_force	-0.07692307692307693	-0.2692307692307692	0.0	13
C	all	reweight	native	0.038461538461538464	0.0	0.19230769230769232	13
C	all	reweight	random_reweight	0.07692307692307693	0.0	0.2692307692307692	13
C	all	force	bias	0.0	-0.23076923076923078	0.23076923076923078	13
C	all	reweight	bias	0.038461538461538464	0.0	0.19230769230769232	13
C	candidate_to_verify	bias	native	0.0	0.0	0.0	8
C	candidate_to_verify	bias	random_bias	0.0	-0.25	0.25	8
C	candidate_to_verify	force	native	0.0625	-0.25	0.375	8
C	candidate_to_verify	force	random_force	-0.0625	-0.3125	0.0	8
C	candidate_to_verify	reweight	native	0.0625	0.0	0.3125	8
C	candidate_to_verify	reweight	random_reweight	0.125	0.0	0.375	8
C	candidate_to_verify	force	bias	0.0625	-0.25	0.375	8
C	candidate_to_verify	reweight	bias	0.0625	0.0	0.3125	8
C	approach_to_commit	bias	native	0.0	0.0	0.0	5
C	approach_to_commit	bias	random_bias	0.0	0.0	0.0	5
C	approach_to_commit	force	native	-0.1	-0.4	0.0	5
C	approach_to_commit	force	random_force	-0.1	-0.4	0.0	5
C	approach_to_commit	reweight	native	0.0	0.0	0.0	5
C	approach_to_commit	reweight	random_reweight	0.0	0.0	0.0	5
C	approach_to_commit	force	bias	-0.1	-0.4	0.0	5
C	approach_to_commit	reweight	bias	0.0	0.0	0.0	5
